{"cartItemsList": [{"u_id": 7, "cart": [{"itemId": 2, "itemName": "LG Monitor", "quantity": 4, "price": "150", "img": "https://m.media-amazon.com/images/I/3190nXqA28L._AC_SY200_.jpg"}]}, {"u_id": 1, "cart": [{"itemId": 8, "itemName": "3D Puzzle", "quantity": 4, "price": "5", "img": "https://images-na.ssl-images-amazon.com/images/I/71c96aotbFL._AC_SL1500_.jpg"}, {"itemId": 1, "itemName": "Windproof Umbrella", "quantity": 1, "price": 27.99, "img": "https://images-fe.ssl-images-amazon.com/images/I/61rRJ03584L._AC_UL160_SR160,160_.jpg"}, {"itemId": 2, "itemName": "LG Monitor", "quantity": 2, "price": "150", "img": "https://m.media-amazon.com/images/I/3190nXqA28L._AC_SY200_.jpg"}, {"itemId": 9, "itemName": "Piano Mat", "quantity": 3, "price": 24.99, "img": "https://images-na.ssl-images-amazon.com/images/I/719eokUY4EL._AC_SL1500_.jpg"}, {"itemId": 4, "itemName": "Horizon Zero Dawn", "quantity": 1, "price": 12.99, "img": "https://m.media-amazon.com/images/I/51EAH20oIgL._AC_SL260_.jpg"}, {"itemId": 3, "itemName": "Dell Mouse", "quantity": 1, "price": 31.5, "img": "https://m.media-amazon.com/images/I/3129rS-4TqL._AC_SY200_.jpg"}]}]}