{"userMessages": [{"u_id": 1, "firstName": "abdullah", "subject": "How good your website is", "message": "Thank you so much for having a good website"}, {"u_id": 1, "firstName": "abdullah", "subject": "This is such a bad website", "message": "I think you should redo your website so bad and ignore my last message"}, {"u_id": 1, "firstName": "abdullah", "subject": "Xbox Series X", "message": "This was so good I just wanted to thank you!!!"}, {"u_id": 1, "firstName": "abdullah", "subject": "Prices too expensive ", "message": "Srsly lower them bro"}, {"u_id": 8, "firstName": "Sherman", "subject": "My website", "message": "Needs to have interactivity like man it sucks"}, {"u_id": 1, "firstName": "abdullah", "subject": "Website", "message": "- Needs styling \n- Functions"}, {"u_id": 1, "firstName": "abdullah", "subject": "Website quality", "message": "Thanks for helping me buy some stuff! :)"}, {"u_id": 13, "firstName": "Sam", "subject": "Website profesioanlism lol", "message": "This website was aight"}]}