{"usersInfo": [{"email": "abdullah@hotmail.com", "password": "password", "first_name": "abdullah", "last_name": "ahmed", "u_id": 1}, {"email": "jonny@email.com", "password": "password", "first_name": "John", "last_name": "Smith", "u_id": 2, "admin": false, "logged_in": true}, {"email": "John@email.com", "password": "password", "first_name": "John", "last_name": "Smith", "u_id": 3, "admin": false, "logged_in": true}, {"email": "john@hotmail.com", "password": "password", "first_name": "john", "last_name": "bob", "u_id": 4, "admin": false, "logged_in": true}, {"email": "admin101@hotmail.com", "password": "admin123", "first_name": "Abdullah", "last_name": "Admin", "u_id": 5, "admin": true, "logged_in": true, "edit_history": [{"keywords": {"old": "Mozart Beethoven", "new": "Mozart Beethoven Music"}, "recscore": {"old": "20", "new": "25"}, "time": "2021-04-06T21:57:56-06", "id": 9}, {"recscore": {"old": "25", "new": "30"}, "time": "2021-04-06T22:00:57-84", "id": 9}, {"price": {"old": "750", "new": "800"}, "reviews": {"old": ["This is the worst console(!+A)1(!+A)abdullah(!+A)1"], "new": []}, "time": "2021-04-12T20:49:51-34", "id": 15}]}, {"email": "billy@hotmail.com", "password": "password", "first_name": "Billy", "last_name": "Bob", "u_id": 6, "admin": false, "logged_in": true}, {"email": "johnny@hotmail.com", "password": "password", "first_name": "John", "last_name": "James", "u_id": 7, "admin": false, "logged_in": true}, {"email": "admin103@hotmail.com", "password": "admin123", "first_name": "Sherman", "last_name": "Bob", "u_id": 8, "admin": true, "logged_in": true}, {"email": "toocool@hotmail.com", "password": "password", "first_name": "games", "last_name": "mang", "u_id": 9, "admin": false, "logged_in": true}, {"email": "jane@hotmail.com", "password": "admin123", "first_name": "jane", "last_name": "citizen", "u_id": 10, "admin": true, "logged_in": true, "edit_history": [{"image": {"old": "https://www.google.com/url?sa=i&url=https%3A%2F%2Fwww.zdnet.com%2Farticle%2Fnzxt-looks-to-lure-beginning-gamers-with-its-699-starter-pc-desktop%2F&psig=AOvVaw0oXIlnpG45LID7yk0lRDxG&ust=1619060806460000&source=images&cd=vfe&ved=0CAIQjRxqFwoTCJC10tStjvACFQAAAAAdAAAAABAD", "new": "https://www.zdnet.com/a/hub/i/r/2020/08/30/2acd5e80-366d-4dc5-a0cb-f2986a409488/resize/1200xauto/1035689cccaa7743eea4a8e53dce836f/nzxt-starter-pc-gaming-desktop.png"}, "time": "2021-04-21T13:08:27-86", "id": 18}, {"recscore": {"old": 0, "new": "100"}, "time": "2021-04-21T13:09:27-19", "id": 18}]}, {"email": "janeUser@hotmail.com", "password": "jane123", "first_name": "jane", "last_name": "user", "u_id": 11, "admin": false, "logged_in": true}, {"email": "sam@Admin.com", "password": "admin123", "first_name": "Sam", "last_name": "Admin", "u_id": 12, "admin": true, "logged_in": true, "edit_history": [{"name": {"old": "Gaming PC", "new": "Gaming PC "}, "recscore": {"old": 0, "new": "100"}, "time": "2021-04-21T13:34:58-26", "id": 18}]}, {"email": "sam@user.com", "password": "sam123", "first_name": "Sam", "last_name": "User", "u_id": 13, "admin": false, "logged_in": true}]}